{
  "lender_coc": [
    0.01, 0.02, 0.03, 0.04, 0.05, 0.060000000000000005, 0.06999999999999999,
    0.08, 0.09, 0.09999999999999999, 0.11, 0.12, 0.13, 0.14,
    0.15000000000000002, 0.16, 0.17, 0.18000000000000002, 0.19
  ],
  "profitability": [
    [
      0.5887258753976059, 0.39922879129984046, 0.27177386186023783,
      0.18460650958389915, 0.124937944048252, 0.08644137068366596,
      0.06150727608601163, 0.04435196187178035, 0.03223647415392585,
      0.023527835712367502, 0.017360327367623243, 0.01286783988045807,
      0.009717879695137698, 0.007351377138494178, 0.00570359057985504,
      0.004352355226807931, 0.0033472857774664733, 0.002677311252511453,
      0.0021412677236554317
    ],
    [
      0.2908838733797019, 0.166974446130408, 0.09575990742792442,
      0.06057122737863605, 0.039262227682014324, 0.026103488263599726,
      0.018131996033365034, 0.013089876815266693, 0.009661697515876363,
      0.007285195586609622, 0.005723335980450986, 0.004532655409833706,
      0.0036137653650790925, 0.0028861769049847554, 0.002281420821470496,
      0.0018285642492483192, 0.001454015745400554, 0.0011827425120045786,
      0.0009752892114170347
    ]
  ]
}
